Task_ID,Role_Name,Z_asli,AA_asli,CF30_Cluster,kasus,kondisi_final,frekuensi_final,keyakinan,metode,perlu_review
KS-ALL-ADMIN-010,Kepala Sekolah,Bulanan,Bulanan,Admin & Documentation,Z_TERTIMPA_FREKUENSI,Baseline,Bulanan,1.00,frekuensi+cluster (n=26),tidak
KS-ALL-ADMIN-011,Kepala Sekolah,Bulanan,Bulanan,Admin & Documentation,Z_TERTIMPA_FREKUENSI,Baseline,Bulanan,1.00,frekuensi+cluster (n=26),tidak
KS-ALL-STUSUP-008,Kepala Sekolah,Insidental,Insidental,Student Support,Z_TERTIMPA_FREKUENSI,Baseline,Insidental,0.64,frekuensi+cluster (n=22),ya
KS-ALL-STUSUP-009,Kepala Sekolah,Semesteran,Semesteran,Student Support,Z_TERTIMPA_FREKUENSI,Peak,Semesteran,0.65,frekuensi+cluster (n=17),ya
KS-ALL-LEAD-014,Kepala Sekolah,Insidental,Insidental,Leadership & Management,Z_TERTIMPA_FREKUENSI,Peak,Insidental,0.91,frekuensi+cluster (n=46),tidak
KS-ALL-LEAD-015,Kepala Sekolah,Insidental,Insidental,Leadership & Management,Z_TERTIMPA_FREKUENSI,Peak,Insidental,0.91,frekuensi+cluster (n=46),tidak
KS-ALL-LEAD-016,Kepala Sekolah,Insidental,Insidental,Leadership & Management,Z_TERTIMPA_FREKUENSI,Peak,Insidental,0.91,frekuensi+cluster (n=46),tidak
KS-ALL-LEAD-027,Kepala Sekolah,Semesteran,Semesteran,Leadership & Management,Z_TERTIMPA_FREKUENSI,Peak,Semesteran,0.73,frekuensi+cluster (n=67),ya
KS-ALL-LEAD-028,Kepala Sekolah,Semesteran,Semesteran,Leadership & Management,Z_TERTIMPA_FREKUENSI,Peak,Semesteran,0.73,frekuensi+cluster (n=67),ya
KS-ALL-LEAD-029,Kepala Sekolah,Semesteran,Semesteran,Leadership & Management,Z_TERTIMPA_FREKUENSI,Peak,Semesteran,0.73,frekuensi+cluster (n=67),ya
KS-ALL-LEAD-032,Kepala Sekolah,Semesteran,Semesteran,Leadership & Management,Z_TERTIMPA_FREKUENSI,Peak,Semesteran,0.73,frekuensi+cluster (n=67),ya
KS-ALL-LEAD-037,Kepala Sekolah,Bulanan,Bulanan,Leadership & Management,Z_TERTIMPA_FREKUENSI,Baseline,Bulanan,0.94,frekuensi+cluster (n=52),tidak
KS-ALL-LEAD-041,Kepala Sekolah,Semesteran,Semesteran,Leadership & Management,Z_TERTIMPA_FREKUENSI,Peak,Semesteran,0.73,frekuensi+cluster (n=67),ya
KS-ALL-LEAD-042,Kepala Sekolah,Semesteran,Semesteran,Leadership & Management,Z_TERTIMPA_FREKUENSI,Peak,Semesteran,0.73,frekuensi+cluster (n=67),ya
KS-ALL-LEAD-043,Kepala Sekolah,Semesteran,Semesteran,Leadership & Management,Z_TERTIMPA_FREKUENSI,Peak,Semesteran,0.73,frekuensi+cluster (n=67),ya
KS-ALL-ADMIN-020,Kepala Sekolah,Insidental,Insidental,Leadership & Management,Z_TERTIMPA_FREKUENSI,Peak,Insidental,0.91,frekuensi+cluster (n=46),tidak
KS-ALL-LEAD-046,Kepala Sekolah,Insidental,Insidental,Leadership & Management,Z_TERTIMPA_FREKUENSI,Peak,Insidental,0.91,frekuensi+cluster (n=46),tidak
KS-ALL-LEAD-047,Kepala Sekolah,Tahunan,Tahunan,Leadership & Management,Z_TERTIMPA_FREKUENSI,Peak,Tahunan,0.88,frekuensi+cluster (n=116),tidak
KS-ALL-LEAD-051,Kepala Sekolah,Tahunan,Tahunan,Leadership & Management,Z_TERTIMPA_FREKUENSI,Peak,Tahunan,0.88,frekuensi+cluster (n=116),tidak
KS-ALL-LEAD-059,Kepala Sekolah,Tahunan,Tahunan,Leadership & Management,Z_TERTIMPA_FREKUENSI,Peak,Tahunan,0.88,frekuensi+cluster (n=116),tidak
KS-ALL-LEAD-060,Kepala Sekolah,Bulanan,Bulanan,Leadership & Management,Z_TERTIMPA_FREKUENSI,Baseline,Bulanan,0.94,frekuensi+cluster (n=52),tidak
KS-ALL-LEAD-062,Kepala Sekolah,Insidental,Insidental,Leadership & Management,Z_TERTIMPA_FREKUENSI,Peak,Insidental,0.91,frekuensi+cluster (n=46),tidak
KS-ALL-LEAD-063,Kepala Sekolah,Insidental,Insidental,Leadership & Management,Z_TERTIMPA_FREKUENSI,Peak,Insidental,0.91,frekuensi+cluster (n=46),tidak
KS-ALL-STUSUP-012,Kepala Sekolah,Semesteran,Semesteran,Student Support,Z_TERTIMPA_FREKUENSI,Peak,Semesteran,0.65,frekuensi+cluster (n=17),ya
KS-ALL-STUSUP-013,Kepala Sekolah,Semesteran,Semesteran,Student Support,Z_TERTIMPA_FREKUENSI,Peak,Semesteran,0.65,frekuensi+cluster (n=17),ya
KS-ALL-STUSUP-014,Kepala Sekolah,Semesteran,Semesteran,Student Support,Z_TERTIMPA_FREKUENSI,Peak,Semesteran,0.65,frekuensi+cluster (n=17),ya
KS-ALL-STUSUP-016,Kepala Sekolah,Insidental,Insidental,Student Support,Z_TERTIMPA_FREKUENSI,Baseline,Insidental,0.64,frekuensi+cluster (n=22),ya
KS-ALL-STUSUP-017,Kepala Sekolah,Insidental,Insidental,Student Support,Z_TERTIMPA_FREKUENSI,Baseline,Insidental,0.64,frekuensi+cluster (n=22),ya
KS-ALL-LEAD-064,Kepala Sekolah,Insidental,Insidental,Leadership & Management,Z_TERTIMPA_FREKUENSI,Peak,Insidental,0.91,frekuensi+cluster (n=46),tidak
KS-ALL-LEAD-065,Kepala Sekolah,Bulanan,Bulanan,Leadership & Management,Z_TERTIMPA_FREKUENSI,Baseline,Bulanan,0.94,frekuensi+cluster (n=52),tidak
KS-ALL-LEAD-066,Kepala Sekolah,Bulanan,Bulanan,Leadership & Management,Z_TERTIMPA_FREKUENSI,Baseline,Bulanan,0.94,frekuensi+cluster (n=52),tidak
WKKUR-ALL-ADMIN-003,Wakil Kepala Sekolah Bidang Kurikulum,Bulanan,Bulanan,Admin & Documentation,Z_TERTIMPA_FREKUENSI,Baseline,Bulanan,1.00,frekuensi+cluster (n=26),tidak
WKKUR-ALL-LEAD-009,Wakil Kepala Sekolah Bidang Kurikulum,Bulanan,Bulanan,Admin & Documentation,Z_TERTIMPA_FREKUENSI,Baseline,Bulanan,1.00,frekuensi+cluster (n=26),tidak
WKKUR-ALL-ADMIN-014,Wakil Kepala Sekolah Bidang Kurikulum,Bulanan,Bulanan,Admin & Documentation,Z_TERTIMPA_FREKUENSI,Baseline,Bulanan,1.00,frekuensi+cluster (n=26),tidak
WKKUR-ALL-ADMIN-015,Wakil Kepala Sekolah Bidang Kurikulum,Mingguan,Mingguan,Admin & Documentation,Z_TERTIMPA_FREKUENSI,Baseline,Mingguan,0.91,frekuensi+cluster (n=34),tidak
WKKUR-ALL-ADMIN-016,Wakil Kepala Sekolah Bidang Kurikulum,Insidental,Insidental,Admin & Documentation,Z_TERTIMPA_FREKUENSI,Peak,Insidental,0.93,frekuensi+cluster (n=40),tidak
WKKUR-ALL-LEAD-016,Wakil Kepala Sekolah Bidang Kurikulum,Insidental,Insidental,Professional Development,Z_TERTIMPA_FREKUENSI,Peak,Insidental,0.82,frekuensi (n=120),tidak
WKKUR-ALL-PD-006,Wakil Kepala Sekolah Bidang Kurikulum,Insidental,Insidental,Professional Development,Z_TERTIMPA_FREKUENSI,Peak,Insidental,0.82,frekuensi (n=120),tidak
WKKUR-ALL-LEAD-059,Wakil Kepala Sekolah Bidang Kurikulum,Insidental,Insidental,Leadership & Management,Z_TERTIMPA_FREKUENSI,Peak,Insidental,0.91,frekuensi+cluster (n=46),tidak
WKKUR-ALL-INST-007,Wakil Kepala Sekolah Bidang Kurikulum,Insidental,Insidental,Leadership & Management,Z_TERTIMPA_FREKUENSI,Peak,Insidental,0.91,frekuensi+cluster (n=46),tidak
WKKUR-ALL-ADMIN-044,Wakil Kepala Sekolah Bidang Kurikulum,Insidental,Insidental,Admin & Documentation,Z_TERTIMPA_FREKUENSI,Peak,Insidental,0.93,frekuensi+cluster (n=40),tidak
WKKUR-ALL-ADMIN-045,Wakil Kepala Sekolah Bidang Kurikulum,Insidental,Insidental,Admin & Documentation,Z_TERTIMPA_FREKUENSI,Peak,Insidental,0.93,frekuensi+cluster (n=40),tidak
WKSIS-ALL-LEAD-003,Wakil Kepala Sekolah Bidang Kesiswaan,Bulanan,Bulanan,Leadership & Management,Z_TERTIMPA_FREKUENSI,Baseline,Bulanan,0.94,frekuensi+cluster (n=52),tidak
WKSIS-ALL-ADMIN-002,Wakil Kepala Sekolah Bidang Kesiswaan,Bulanan,Bulanan,Admin & Documentation,Z_TERTIMPA_FREKUENSI,Baseline,Bulanan,1.00,frekuensi+cluster (n=26),tidak
WKSIS-ALL-LEAD-018,Wakil Kepala Sekolah Bidang Kesiswaan,Insidental,Insidental,Leadership & Management,Z_TERTIMPA_FREKUENSI,Peak,Insidental,0.91,frekuensi+cluster (n=46),tidak
WKSIS-ALL-LEAD-019,Wakil Kepala Sekolah Bidang Kesiswaan,Insidental,Insidental,Leadership & Management,Z_TERTIMPA_FREKUENSI,Peak,Insidental,0.91,frekuensi+cluster (n=46),tidak
WKSIS-ALL-LEAD-024,Wakil Kepala Sekolah Bidang Kesiswaan,Insidental,Insidental,Admin & Documentation,Z_TERTIMPA_FREKUENSI,Peak,Insidental,0.93,frekuensi+cluster (n=40),tidak
WKSIS-ALL-STUSUP-006,Wakil Kepala Sekolah Bidang Kesiswaan,Semesteran,Semesteran,Student Support,Z_TERTIMPA_FREKUENSI,Peak,Semesteran,0.65,frekuensi+cluster (n=17),ya
WKSIS-ALL-STUSUP-007,Wakil Kepala Sekolah Bidang Kesiswaan,Semesteran,Semesteran,Student Support,Z_TERTIMPA_FREKUENSI,Peak,Semesteran,0.65,frekuensi+cluster (n=17),ya
WKSIS-ALL-STUSUP-023,Wakil Kepala Sekolah Bidang Kesiswaan,Insidental,Insidental,Student Support,Z_TERTIMPA_FREKUENSI,Baseline,Insidental,0.64,frekuensi+cluster (n=22),ya
WKSIS-ALL-LEAD-029,Wakil Kepala Sekolah Bidang Kesiswaan,Insidental,Insidental,Student Support,Z_TERTIMPA_FREKUENSI,Baseline,Insidental,0.64,frekuensi+cluster (n=22),ya
WKSIS-ALL-LEAD-031,Wakil Kepala Sekolah Bidang Kesiswaan,Insidental,Insidental,Leadership & Management,Z_TERTIMPA_FREKUENSI,Peak,Insidental,0.91,frekuensi+cluster (n=46),tidak
WKSIS-ALL-LEAD-032,Wakil Kepala Sekolah Bidang Kesiswaan,Insidental,Insidental,Leadership & Management,Z_TERTIMPA_FREKUENSI,Peak,Insidental,0.91,frekuensi+cluster (n=46),tidak
WKSIS-ALL-ADMIN-011,Wakil Kepala Sekolah Bidang Kesiswaan,Insidental,Insidental,Admin & Documentation,Z_TERTIMPA_FREKUENSI,Peak,Insidental,0.93,frekuensi+cluster (n=40),tidak
WKSIS-ALL-ADMIN-012,Wakil Kepala Sekolah Bidang Kesiswaan,Insidental,Insidental,Admin & Documentation,Z_TERTIMPA_FREKUENSI,Peak,Insidental,0.93,frekuensi+cluster (n=40),tidak
WKSIS-ALL-LEAD-036,Wakil Kepala Sekolah Bidang Kesiswaan,Mingguan,Mingguan,Admin & Documentation,Z_TERTIMPA_FREKUENSI,Baseline,Mingguan,0.91,frekuensi+cluster (n=34),tidak
WKSIS-ALL-STUSUP-025,Wakil Kepala Sekolah Bidang Kesiswaan,Bulanan,Bulanan,Student Support,Z_TERTIMPA_FREKUENSI,Baseline,Bulanan,0.86,frekuensi+cluster (n=14),tidak
WKSIS-ALL-STUSUP-026,Wakil Kepala Sekolah Bidang Kesiswaan,Mingguan,Mingguan,Student Support,Z_TERTIMPA_FREKUENSI,Baseline,Mingguan,0.95,frekuensi+cluster (n=20),tidak
WKSIS-ALL-ADMIN-013,Wakil Kepala Sekolah Bidang Kesiswaan,Tahunan,Tahunan,Admin & Documentation,Z_TERTIMPA_FREKUENSI,Peak,Tahunan,0.86,frekuensi+cluster (n=87),tidak
WKSIS-ALL-STUSUP-033,Wakil Kepala Sekolah Bidang Kesiswaan,Insidental,Insidental,Student Support,Z_TERTIMPA_FREKUENSI,Baseline,Insidental,0.64,frekuensi+cluster (n=22),ya
WKSIS-ALL-ADMIN-017,Wakil Kepala Sekolah Bidang Kesiswaan,Bulanan,Bulanan,Admin & Documentation,Z_TERTIMPA_FREKUENSI,Baseline,Bulanan,1.00,frekuensi+cluster (n=26),tidak
WKSIS-ALL-ADMIN-018,Wakil Kepala Sekolah Bidang Kesiswaan,Semesteran,Semesteran,Admin & Documentation,Z_TERTIMPA_FREKUENSI,Peak,Semesteran,0.70,frekuensi+cluster (n=88),ya
WKSIS-ALL-ADMIN-020,Wakil Kepala Sekolah Bidang Kesiswaan,Semesteran,Semesteran,Admin & Documentation,Z_TERTIMPA_FREKUENSI,Peak,Semesteran,0.70,frekuensi+cluster (n=88),ya
WKSIS-ALL-ADMIN-021,Wakil Kepala Sekolah Bidang Kesiswaan,Semesteran,Semesteran,Admin & Documentation,Z_TERTIMPA_FREKUENSI,Peak,Semesteran,0.70,frekuensi+cluster (n=88),ya
WKSIS-ALL-ADMIN-022,Wakil Kepala Sekolah Bidang Kesiswaan,Semesteran,Semesteran,Admin & Documentation,Z_TERTIMPA_FREKUENSI,Peak,Semesteran,0.70,frekuensi+cluster (n=88),ya
WKSIS-ALL-ADMIN-023,Wakil Kepala Sekolah Bidang Kesiswaan,Bulanan,Bulanan,Admin & Documentation,Z_TERTIMPA_FREKUENSI,Baseline,Bulanan,1.00,frekuensi+cluster (n=26),tidak
WKSIS-ALL-ADMIN-024,Wakil Kepala Sekolah Bidang Kesiswaan,Bulanan,Bulanan,Admin & Documentation,Z_TERTIMPA_FREKUENSI,Baseline,Bulanan,1.00,frekuensi+cluster (n=26),tidak
WKSIS-ALL-ADMIN-025,Wakil Kepala Sekolah Bidang Kesiswaan,Semesteran,Semesteran,Admin & Documentation,Z_TERTIMPA_FREKUENSI,Peak,Semesteran,0.70,frekuensi+cluster (n=88),ya
WKSIS-ALL-ADMIN-026,Wakil Kepala Sekolah Bidang Kesiswaan,Bulanan,Bulanan,Admin & Documentation,Z_TERTIMPA_FREKUENSI,Baseline,Bulanan,1.00,frekuensi+cluster (n=26),tidak
WKSIS-ALL-ADMIN-028,Wakil Kepala Sekolah Bidang Kesiswaan,Semesteran,Semesteran,Admin & Documentation,Z_TERTIMPA_FREKUENSI,Peak,Semesteran,0.70,frekuensi+cluster (n=88),ya
WKSIS-ALL-LEAD-040,Wakil Kepala Sekolah Bidang Kesiswaan,Semesteran,Semesteran,Leadership & Management,Z_TERTIMPA_FREKUENSI,Peak,Semesteran,0.73,frekuensi+cluster (n=67),ya
WKSIS-ALL-LEAD-043,Wakil Kepala Sekolah Bidang Kesiswaan,Insidental,Insidental,Admin & Documentation,Z_TERTIMPA_FREKUENSI,Peak,Insidental,0.93,frekuensi+cluster (n=40),tidak
WKSIS-ALL-ADMIN-029,Wakil Kepala Sekolah Bidang Kesiswaan,Insidental,Insidental,Admin & Documentation,Z_TERTIMPA_FREKUENSI,Peak,Insidental,0.93,frekuensi+cluster (n=40),tidak
WKSIS-ALL-ADMIN-030,Wakil Kepala Sekolah Bidang Kesiswaan,Tahunan,Tahunan,Admin & Documentation,Z_TERTIMPA_FREKUENSI,Peak,Tahunan,0.86,frekuensi+cluster (n=87),tidak
WKSAR-ALL-ADMIN-001,Wakil Kepala Sekolah Bidang Sarana Prasarana,Tahunan,Tahunan,Admin & Documentation,Z_TERTIMPA_FREKUENSI,Peak,Tahunan,0.86,frekuensi+cluster (n=87),tidak
WKSAR-ALL-ADMIN-002,Wakil Kepala Sekolah Bidang Sarana Prasarana,Tahunan,Tahunan,Admin & Documentation,Z_TERTIMPA_FREKUENSI,Peak,Tahunan,0.86,frekuensi+cluster (n=87),tidak
WKSAR-ALL-LEAD-004,Wakil Kepala Sekolah Bidang Sarana Prasarana,Tahunan,Tahunan,Leadership & Management,Z_TERTIMPA_FREKUENSI,Peak,Tahunan,0.88,frekuensi+cluster (n=116),tidak
WKSAR-ALL-STUSUP-002,Wakil Kepala Sekolah Bidang Sarana Prasarana,Bulanan,Bulanan,Student Support,Z_TERTIMPA_FREKUENSI,Baseline,Bulanan,0.86,frekuensi+cluster (n=14),tidak
WKSAR-ALL-LEAD-010,Wakil Kepala Sekolah Bidang Sarana Prasarana,Insidental,Insidental,Leadership & Management,Z_TERTIMPA_FREKUENSI,Peak,Insidental,0.91,frekuensi+cluster (n=46),tidak
WKSAR-ALL-ADMIN-005,Wakil Kepala Sekolah Bidang Sarana Prasarana,Tahunan,Tahunan,Admin & Documentation,Z_TERTIMPA_FREKUENSI,Peak,Tahunan,0.86,frekuensi+cluster (n=87),tidak
WKSAR-ALL-STUSUP-003,Wakil Kepala Sekolah Bidang Sarana Prasarana,Insidental,Insidental,Admin & Documentation,Z_TERTIMPA_FREKUENSI,Peak,Insidental,0.93,frekuensi+cluster (n=40),tidak
WKSAR-ALL-STUSUP-006,Wakil Kepala Sekolah Bidang Sarana Prasarana,Insidental,Insidental,Student Support,Z_TERTIMPA_FREKUENSI,Baseline,Insidental,0.64,frekuensi+cluster (n=22),ya
WKSAR-ALL-LEAD-014,Wakil Kepala Sekolah Bidang Sarana Prasarana,Bulanan,Bulanan,Leadership & Management,Z_TERTIMPA_FREKUENSI,Baseline,Bulanan,0.94,frekuensi+cluster (n=52),tidak
WKSAR-ALL-LEAD-016,Wakil Kepala Sekolah Bidang Sarana Prasarana,Harian,Harian,Leadership & Management,Z_TERTIMPA_FREKUENSI,Baseline,Harian,0.93,frekuensi (n=72),tidak
WKSAR-ALL-LEAD-017,Wakil Kepala Sekolah Bidang Sarana Prasarana,Mingguan,Mingguan,Leadership & Management,Z_TERTIMPA_FREKUENSI,Baseline,Mingguan,1.00,frekuensi+cluster (n=16),tidak
WKSAR-ALL-LEAD-019,Wakil Kepala Sekolah Bidang Sarana Prasarana,Mingguan,Mingguan,Leadership & Management,Z_TERTIMPA_FREKUENSI,Baseline,Mingguan,1.00,frekuensi+cluster (n=16),tidak
WKSAR-ALL-LEAD-023,Wakil Kepala Sekolah Bidang Sarana Prasarana,Insidental,Insidental,Leadership & Management,Z_TERTIMPA_FREKUENSI,Peak,Insidental,0.91,frekuensi+cluster (n=46),tidak
WKSAR-ALL-LEAD-024,Wakil Kepala Sekolah Bidang Sarana Prasarana,Insidental,Insidental,Leadership & Management,Z_TERTIMPA_FREKUENSI,Peak,Insidental,0.91,frekuensi+cluster (n=46),tidak
WKSAR-ALL-ADMIN-006,Wakil Kepala Sekolah Bidang Sarana Prasarana,Insidental,Insidental,Admin & Documentation,Z_TERTIMPA_FREKUENSI,Peak,Insidental,0.93,frekuensi+cluster (n=40),tidak
WKSAR-ALL-ADMIN-007,Wakil Kepala Sekolah Bidang Sarana Prasarana,Insidental,Insidental,Admin & Documentation,Z_TERTIMPA_FREKUENSI,Peak,Insidental,0.93,frekuensi+cluster (n=40),tidak
WKSAR-ALL-ADMIN-008,Wakil Kepala Sekolah Bidang Sarana Prasarana,Insidental,Insidental,Admin & Documentation,Z_TERTIMPA_FREKUENSI,Peak,Insidental,0.93,frekuensi+cluster (n=40),tidak
WKSAR-ALL-LEAD-025,Wakil Kepala Sekolah Bidang Sarana Prasarana,Tahunan,Tahunan,Admin & Documentation,Z_TERTIMPA_FREKUENSI,Peak,Tahunan,0.86,frekuensi+cluster (n=87),tidak
WKSAR-ALL-ADMIN-009,Wakil Kepala Sekolah Bidang Sarana Prasarana,Tahunan,Tahunan,Admin & Documentation,Z_TERTIMPA_FREKUENSI,Peak,Tahunan,0.86,frekuensi+cluster (n=87),tidak
WKSAR-ALL-LEAD-026,Wakil Kepala Sekolah Bidang Sarana Prasarana,Tahunan,Tahunan,Admin & Documentation,Z_TERTIMPA_FREKUENSI,Peak,Tahunan,0.86,frekuensi+cluster (n=87),tidak
WKSAR-ALL-LEAD-027,Wakil Kepala Sekolah Bidang Sarana Prasarana,Tahunan,Tahunan,Admin & Documentation,Z_TERTIMPA_FREKUENSI,Peak,Tahunan,0.86,frekuensi+cluster (n=87),tidak
WKSAR-ALL-ADMIN-010,Wakil Kepala Sekolah Bidang Sarana Prasarana,Tahunan,Tahunan,Admin & Documentation,Z_TERTIMPA_FREKUENSI,Peak,Tahunan,0.86,frekuensi+cluster (n=87),tidak
WKSAR-ALL-LEAD-028,Wakil Kepala Sekolah Bidang Sarana Prasarana,Tahunan,Tahunan,Leadership & Management,Z_TERTIMPA_FREKUENSI,Peak,Tahunan,0.88,frekuensi+cluster (n=116),tidak
WKSAR-ALL-ADMIN-011,Wakil Kepala Sekolah Bidang Sarana Prasarana,Tahunan,Tahunan,Admin & Documentation,Z_TERTIMPA_FREKUENSI,Peak,Tahunan,0.86,frekuensi+cluster (n=87),tidak
WKHUM-ALL-STRAT-001,Wakil Kepala Sekolah Bidang Humas,Semesteran,Semesteran,Strategic Institutional,Z_TERTIMPA_FREKUENSI,Peak,Semesteran,0.69,frekuensi (n=200),ya
WKHUM-ALL-STRAT-002,Wakil Kepala Sekolah Bidang Humas,Insidental,Insidental,Strategic Institutional,Z_TERTIMPA_FREKUENSI,Peak,Insidental,0.82,frekuensi (n=120),tidak
WKHUM-ALL-ADMIN-001,Wakil Kepala Sekolah Bidang Humas,Insidental,Insidental,Admin & Documentation,Z_TERTIMPA_FREKUENSI,Peak,Insidental,0.93,frekuensi+cluster (n=40),tidak
WKHUM-ALL-LEAD-003,Wakil Kepala Sekolah Bidang Humas,Semesteran,Semesteran,Leadership & Management,Z_TERTIMPA_FREKUENSI,Peak,Semesteran,0.73,frekuensi+cluster (n=67),ya
WKHUM-ALL-STUSUP-002,Wakil Kepala Sekolah Bidang Humas,Semesteran,Semesteran,Student Support,Z_TERTIMPA_FREKUENSI,Peak,Semesteran,0.65,frekuensi+cluster (n=17),ya
WKHUM-ALL-LEAD-006,Wakil Kepala Sekolah Bidang Humas,Semesteran,Semesteran,Leadership & Management,Z_TERTIMPA_FREKUENSI,Peak,Semesteran,0.73,frekuensi+cluster (n=67),ya
WKHUM-ALL-ADMIN-002,Wakil Kepala Sekolah Bidang Humas,Semesteran,Semesteran,Admin & Documentation,Z_TERTIMPA_FREKUENSI,Peak,Semesteran,0.70,frekuensi+cluster (n=88),ya
WKHUM-ALL-LEAD-007,Wakil Kepala Sekolah Bidang Humas,Semesteran,Semesteran,Leadership & Management,Z_TERTIMPA_FREKUENSI,Peak,Semesteran,0.73,frekuensi+cluster (n=67),ya
WKHUM-ALL-ADMIN-003,Wakil Kepala Sekolah Bidang Humas,Semesteran,Semesteran,Admin & Documentation,Z_TERTIMPA_FREKUENSI,Peak,Semesteran,0.70,frekuensi+cluster (n=88),ya
WKHUM-ALL-STRAT-004,Wakil Kepala Sekolah Bidang Humas,Bulanan,Bulanan,Strategic Institutional,Z_TERTIMPA_FREKUENSI,Baseline,Bulanan,0.86,frekuensi (n=109),tidak
WKHUM-ALL-STRAT-005,Wakil Kepala Sekolah Bidang Humas,Tahunan,Tahunan,Strategic Institutional,Z_TERTIMPA_FREKUENSI,Peak,Tahunan,0.80,frekuensi+cluster (n=5),tidak
WKHUM-ALL-STRAT-006,Wakil Kepala Sekolah Bidang Humas,Tahunan,Tahunan,Admin & Documentation,Z_TERTIMPA_FREKUENSI,Peak,Tahunan,0.86,frekuensi+cluster (n=87),tidak
WKHUM-ALL-ADMIN-004,Wakil Kepala Sekolah Bidang Humas,Harian,Harian,Admin & Documentation,Z_TERTIMPA_FREKUENSI,Baseline,Harian,0.96,frekuensi+cluster (n=25),tidak
WKHUM-ALL-LEAD-009,Wakil Kepala Sekolah Bidang Humas,Insidental,Insidental,Leadership & Management,Z_TERTIMPA_FREKUENSI,Peak,Insidental,0.91,frekuensi+cluster (n=46),tidak
STKUR-ALL-LEAD-001,Staff Kurikulum,Semesteran,Semesteran,Leadership & Management,Z_TERTIMPA_FREKUENSI,Peak,Semesteran,0.73,frekuensi+cluster (n=67),ya
STKUR-ALL-ADMIN-001,Staff Kurikulum,Bulanan,Bulanan,Admin & Documentation,Z_TERTIMPA_FREKUENSI,Baseline,Bulanan,1.00,frekuensi+cluster (n=26),tidak
STKUR-ALL-ADMIN-002,Staff Kurikulum,Bulanan,Bulanan,Admin & Documentation,Z_TERTIMPA_FREKUENSI,Baseline,Bulanan,1.00,frekuensi+cluster (n=26),tidak
STKUR-ALL-LEAD-005,Staff Kurikulum,Bulanan,Bulanan,Admin & Documentation,Z_TERTIMPA_FREKUENSI,Baseline,Bulanan,1.00,frekuensi+cluster (n=26),tidak
STKUR-ALL-ADMIN-005,Staff Kurikulum,Bulanan,Bulanan,Admin & Documentation,Z_TERTIMPA_FREKUENSI,Baseline,Bulanan,1.00,frekuensi+cluster (n=26),tidak
STKUR-ALL-ADMIN-006,Staff Kurikulum,Mingguan,Mingguan,Admin & Documentation,Z_TERTIMPA_FREKUENSI,Baseline,Mingguan,0.91,frekuensi+cluster (n=34),tidak
STKUR-ALL-LEAD-006,Staff Kurikulum,Mingguan,Mingguan,Leadership & Management,Z_TERTIMPA_FREKUENSI,Baseline,Mingguan,1.00,frekuensi+cluster (n=16),tidak
STKUR-ALL-ADMIN-007,Staff Kurikulum,Insidental,Insidental,Admin & Documentation,Z_TERTIMPA_FREKUENSI,Peak,Insidental,0.93,frekuensi+cluster (n=40),tidak
STKUR-ALL-LEAD-008,Staff Kurikulum,Mingguan,Mingguan,Leadership & Management,Z_TERTIMPA_FREKUENSI,Baseline,Mingguan,1.00,frekuensi+cluster (n=16),tidak
STKUR-ALL-ADMIN-008,Staff Kurikulum,Bulanan,Bulanan,Admin & Documentation,Z_TERTIMPA_FREKUENSI,Baseline,Bulanan,1.00,frekuensi+cluster (n=26),tidak
STKUR-ALL-ADMIN-009,Staff Kurikulum,Insidental,Insidental,Admin & Documentation,Z_TERTIMPA_FREKUENSI,Peak,Insidental,0.93,frekuensi+cluster (n=40),tidak
STKUR-ALL-ADMIN-010,Staff Kurikulum,Insidental,Insidental,Admin & Documentation,Z_TERTIMPA_FREKUENSI,Peak,Insidental,0.93,frekuensi+cluster (n=40),tidak
STKUR-ALL-LEAD-012,Staff Kurikulum,Tahunan,Tahunan,Leadership & Management,Z_TERTIMPA_FREKUENSI,Peak,Tahunan,0.88,frekuensi+cluster (n=116),tidak
STKUR-ALL-LEAD-014,Staff Kurikulum,Tahunan,Tahunan,Leadership & Management,Z_TERTIMPA_FREKUENSI,Peak,Tahunan,0.88,frekuensi+cluster (n=116),tidak
STKUR-ALL-LEAD-015,Staff Kurikulum,Insidental,Insidental,Admin & Documentation,Z_TERTIMPA_FREKUENSI,Peak,Insidental,0.93,frekuensi+cluster (n=40),tidak
STKUR-ALL-LEAD-016,Staff Kurikulum,Semesteran,Semesteran,Leadership & Management,Z_TERTIMPA_FREKUENSI,Peak,Semesteran,0.73,frekuensi+cluster (n=67),ya
STKUR-ALL-LEAD-017,Staff Kurikulum,Semesteran,Semesteran,Leadership & Management,Z_TERTIMPA_FREKUENSI,Peak,Semesteran,0.73,frekuensi+cluster (n=67),ya
STKUR-ALL-ADMIN-013,Staff Kurikulum,Bulanan,Bulanan,Admin & Documentation,Z_TERTIMPA_FREKUENSI,Baseline,Bulanan,1.00,frekuensi+cluster (n=26),tidak
STKUR-ALL-LEAD-019,Staff Kurikulum,Bulanan,Bulanan,Leadership & Management,Z_TERTIMPA_FREKUENSI,Baseline,Bulanan,0.94,frekuensi+cluster (n=52),tidak
STKUR-ALL-LEAD-020,Staff Kurikulum,Semesteran,Semesteran,Leadership & Management,Z_TERTIMPA_FREKUENSI,Peak,Semesteran,0.73,frekuensi+cluster (n=67),ya
STKUR-ALL-LEAD-021,Staff Kurikulum,Semesteran,Semesteran,Leadership & Management,Z_TERTIMPA_FREKUENSI,Peak,Semesteran,0.73,frekuensi+cluster (n=67),ya
STKUR-ALL-LEAD-022,Staff Kurikulum,Semesteran,Semesteran,Leadership & Management,Z_TERTIMPA_FREKUENSI,Peak,Semesteran,0.73,frekuensi+cluster (n=67),ya
STKUR-ALL-ADMIN-016,Staff Kurikulum,Semesteran,Semesteran,Admin & Documentation,Z_TERTIMPA_FREKUENSI,Peak,Semesteran,0.70,frekuensi+cluster (n=88),ya
STKUR-ALL-LEAD-023,Staff Kurikulum,Semesteran,Semesteran,Leadership & Management,Z_TERTIMPA_FREKUENSI,Peak,Semesteran,0.73,frekuensi+cluster (n=67),ya
STKUR-ALL-INST-003,Staff Kurikulum,Semesteran,Semesteran,Leadership & Management,Z_TERTIMPA_FREKUENSI,Peak,Semesteran,0.73,frekuensi+cluster (n=67),ya
STKUR-ALL-LEAD-024,Staff Kurikulum,Semesteran,Semesteran,Leadership & Management,Z_TERTIMPA_FREKUENSI,Peak,Semesteran,0.73,frekuensi+cluster (n=67),ya
STKUR-ALL-ADMIN-017,Staff Kurikulum,Semesteran,Semesteran,Admin & Documentation,Z_TERTIMPA_FREKUENSI,Peak,Semesteran,0.70,frekuensi+cluster (n=88),ya
STKUR-ALL-LEAD-025,Staff Kurikulum,Semesteran,Semesteran,Leadership & Management,Z_TERTIMPA_FREKUENSI,Peak,Semesteran,0.73,frekuensi+cluster (n=67),ya
STKUR-ALL-LEAD-037,Staff Kurikulum,Insidental,Insidental,Leadership & Management,Z_TERTIMPA_FREKUENSI,Peak,Insidental,0.91,frekuensi+cluster (n=46),tidak
STKUR-ALL-INST-007,Staff Kurikulum,Insidental,Insidental,Leadership & Management,Z_TERTIMPA_FREKUENSI,Peak,Insidental,0.91,frekuensi+cluster (n=46),tidak
STKUR-ALL-LEAD-043,Staff Kurikulum,Semesteran,Semesteran,Admin & Documentation,Z_TERTIMPA_FREKUENSI,Peak,Semesteran,0.70,frekuensi+cluster (n=88),ya
STKUR-ALL-LEAD-044,Staff Kurikulum,Semesteran,Semesteran,Leadership & Management,Z_TERTIMPA_FREKUENSI,Peak,Semesteran,0.73,frekuensi+cluster (n=67),ya
STKUR-ALL-LEAD-047,Staff Kurikulum,Semesteran,Semesteran,Leadership & Management,Z_TERTIMPA_FREKUENSI,Peak,Semesteran,0.73,frekuensi+cluster (n=67),ya
STKUR-ALL-LEAD-048,Staff Kurikulum,Semesteran,Semesteran,Leadership & Management,Z_TERTIMPA_FREKUENSI,Peak,Semesteran,0.73,frekuensi+cluster (n=67),ya
STKUR-ALL-LEAD-049,Staff Kurikulum,Bulanan,Bulanan,Leadership & Management,Z_TERTIMPA_FREKUENSI,Baseline,Bulanan,0.94,frekuensi+cluster (n=52),tidak
STKUR-ALL-LEAD-050,Staff Kurikulum,Bulanan,Bulanan,Leadership & Management,Z_TERTIMPA_FREKUENSI,Baseline,Bulanan,0.94,frekuensi+cluster (n=52),tidak
STKUR-ALL-LEAD-051,Staff Kurikulum,Bulanan,Bulanan,Leadership & Management,Z_TERTIMPA_FREKUENSI,Baseline,Bulanan,0.94,frekuensi+cluster (n=52),tidak
STKUR-ALL-LEAD-052,Staff Kurikulum,Semesteran,Semesteran,Leadership & Management,Z_TERTIMPA_FREKUENSI,Peak,Semesteran,0.73,frekuensi+cluster (n=67),ya
STKUR-ALL-LEAD-053,Staff Kurikulum,Semesteran,Semesteran,Leadership & Management,Z_TERTIMPA_FREKUENSI,Peak,Semesteran,0.73,frekuensi+cluster (n=67),ya
STKUR-ALL-INST-011,Staff Kurikulum,Semesteran,Semesteran,Instruksional,Z_TERTIMPA_FREKUENSI,Peak,Semesteran,0.83,frekuensi+cluster (n=18),tidak
STKUR-ALL-LEAD-054,Staff Kurikulum,Semesteran,Semesteran,Leadership & Management,Z_TERTIMPA_FREKUENSI,Peak,Semesteran,0.73,frekuensi+cluster (n=67),ya
STSIS-ALL-LEAD-001,Staff Kesiswaan,Mingguan,Mingguan,Leadership & Management,Z_TERTIMPA_FREKUENSI,Baseline,Mingguan,1.00,frekuensi+cluster (n=16),tidak
STSIS-ALL-ADMIN-001,Staff Kesiswaan,Bulanan,Bulanan,Admin & Documentation,Z_TERTIMPA_FREKUENSI,Baseline,Bulanan,1.00,frekuensi+cluster (n=26),tidak
STSIS-ALL-ADMIN-002,Staff Kesiswaan,Bulanan,Bulanan,Admin & Documentation,Z_TERTIMPA_FREKUENSI,Baseline,Bulanan,1.00,frekuensi+cluster (n=26),tidak
STSIS-ALL-ADMIN-003,Staff Kesiswaan,Bulanan,Bulanan,Admin & Documentation,Z_TERTIMPA_FREKUENSI,Baseline,Bulanan,1.00,frekuensi+cluster (n=26),tidak
STSIS-ALL-LEAD-012,Staff Kesiswaan,Insidental,Insidental,Leadership & Management,Z_TERTIMPA_FREKUENSI,Peak,Insidental,0.91,frekuensi+cluster (n=46),tidak
STSIS-ALL-ADMIN-007,Staff Kesiswaan,Insidental,Insidental,Admin & Documentation,Z_TERTIMPA_FREKUENSI,Peak,Insidental,0.93,frekuensi+cluster (n=40),tidak
STSIS-ALL-STUSUP-003,Staff Kesiswaan,Tahunan,Tahunan,Admin & Documentation,Z_TERTIMPA_FREKUENSI,Peak,Tahunan,0.86,frekuensi+cluster (n=87),tidak
STSIS-ALL-STUSUP-004,Staff Kesiswaan,Tahunan,Tahunan,Student Support,Z_TERTIMPA_FREKUENSI,Peak,Tahunan,0.93,frekuensi+cluster (n=41),tidak
STSIS-ALL-STUSUP-005,Staff Kesiswaan,Semesteran,Semesteran,Student Support,Z_TERTIMPA_FREKUENSI,Peak,Semesteran,0.65,frekuensi+cluster (n=17),ya
STSIS-ALL-STUSUP-006,Staff Kesiswaan,Semesteran,Semesteran,Student Support,Z_TERTIMPA_FREKUENSI,Peak,Semesteran,0.65,frekuensi+cluster (n=17),ya
STSIS-ALL-STUSUP-020,Staff Kesiswaan,Insidental,Insidental,Student Support,Z_TERTIMPA_FREKUENSI,Baseline,Insidental,0.64,frekuensi+cluster (n=22),ya
STSIS-ALL-LEAD-018,Staff Kesiswaan,Insidental,Insidental,Student Support,Z_TERTIMPA_FREKUENSI,Baseline,Insidental,0.64,frekuensi+cluster (n=22),ya
STSIS-ALL-LEAD-020,Staff Kesiswaan,Insidental,Insidental,Leadership & Management,Z_TERTIMPA_FREKUENSI,Peak,Insidental,0.91,frekuensi+cluster (n=46),tidak
STSIS-ALL-ADMIN-010,Staff Kesiswaan,Insidental,Insidental,Admin & Documentation,Z_TERTIMPA_FREKUENSI,Peak,Insidental,0.93,frekuensi+cluster (n=40),tidak
STSIS-ALL-ADMIN-011,Staff Kesiswaan,Insidental,Insidental,Admin & Documentation,Z_TERTIMPA_FREKUENSI,Peak,Insidental,0.93,frekuensi+cluster (n=40),tidak
STSIS-ALL-LEAD-021,Staff Kesiswaan,Bulanan,Bulanan,Admin & Documentation,Z_TERTIMPA_FREKUENSI,Baseline,Bulanan,1.00,frekuensi+cluster (n=26),tidak
STSIS-ALL-STUSUP-021,Staff Kesiswaan,Semesteran,Semesteran,Student Support,Z_TERTIMPA_FREKUENSI,Peak,Semesteran,0.65,frekuensi+cluster (n=17),ya
STSIS-ALL-STUSUP-022,Staff Kesiswaan,Bulanan,Bulanan,Student Support,Z_TERTIMPA_FREKUENSI,Baseline,Bulanan,0.86,frekuensi+cluster (n=14),tidak
STSIS-ALL-LEAD-022,Staff Kesiswaan,Bulanan,Bulanan,Leadership & Management,Z_TERTIMPA_FREKUENSI,Baseline,Bulanan,0.94,frekuensi+cluster (n=52),tidak
STSIS-ALL-STUSUP-026,Staff Kesiswaan,Bulanan,Bulanan,Student Support,Z_TERTIMPA_FREKUENSI,Baseline,Bulanan,0.86,frekuensi+cluster (n=14),tidak
STSIS-ALL-ADMIN-012,Staff Kesiswaan,Harian,Harian,Admin & Documentation,Z_TERTIMPA_FREKUENSI,Baseline,Harian,0.96,frekuensi+cluster (n=25),tidak
STSIS-ALL-ADMIN-013,Staff Kesiswaan,Tahunan,Tahunan,Admin & Documentation,Z_TERTIMPA_FREKUENSI,Peak,Tahunan,0.86,frekuensi+cluster (n=87),tidak
STSIS-ALL-STUSUP-029,Staff Kesiswaan,Semesteran,Semesteran,Student Support,Z_TERTIMPA_FREKUENSI,Peak,Semesteran,0.65,frekuensi+cluster (n=17),ya
STSIS-ALL-LEAD-024,Staff Kesiswaan,Tahunan,Tahunan,Admin & Documentation,Z_TERTIMPA_FREKUENSI,Peak,Tahunan,0.86,frekuensi+cluster (n=87),tidak
STSIS-ALL-ADMIN-015,Staff Kesiswaan,Semesteran,Semesteran,Admin & Documentation,Z_TERTIMPA_FREKUENSI,Peak,Semesteran,0.70,frekuensi+cluster (n=88),ya
STSIS-ALL-ADMIN-016,Staff Kesiswaan,Bulanan,Bulanan,Admin & Documentation,Z_TERTIMPA_FREKUENSI,Baseline,Bulanan,1.00,frekuensi+cluster (n=26),tidak
STSIS-ALL-ADMIN-017,Staff Kesiswaan,Semesteran,Semesteran,Admin & Documentation,Z_TERTIMPA_FREKUENSI,Peak,Semesteran,0.70,frekuensi+cluster (n=88),ya
STSIS-ALL-ADMIN-018,Staff Kesiswaan,Semesteran,Semesteran,Admin & Documentation,Z_TERTIMPA_FREKUENSI,Peak,Semesteran,0.70,frekuensi+cluster (n=88),ya
STSIS-ALL-ADMIN-019,Staff Kesiswaan,Semesteran,Semesteran,Admin & Documentation,Z_TERTIMPA_FREKUENSI,Peak,Semesteran,0.70,frekuensi+cluster (n=88),ya
STSIS-ALL-ADMIN-020,Staff Kesiswaan,Bulanan,Bulanan,Admin & Documentation,Z_TERTIMPA_FREKUENSI,Baseline,Bulanan,1.00,frekuensi+cluster (n=26),tidak
STSIS-ALL-ADMIN-021,Staff Kesiswaan,Bulanan,Bulanan,Admin & Documentation,Z_TERTIMPA_FREKUENSI,Baseline,Bulanan,1.00,frekuensi+cluster (n=26),tidak
STSIS-ALL-LEAD-025,Staff Kesiswaan,Bulanan,Bulanan,Leadership & Management,Z_TERTIMPA_FREKUENSI,Baseline,Bulanan,0.94,frekuensi+cluster (n=52),tidak
STSIS-ALL-LEAD-026,Staff Kesiswaan,Bulanan,Bulanan,Leadership & Management,Z_TERTIMPA_FREKUENSI,Baseline,Bulanan,0.94,frekuensi+cluster (n=52),tidak
STSIS-ALL-LEAD-027,Staff Kesiswaan,Bulanan,Bulanan,Leadership & Management,Z_TERTIMPA_FREKUENSI,Baseline,Bulanan,0.94,frekuensi+cluster (n=52),tidak
STSAR-ALL-STUSUP-001,Staff Sarana Prasarana,Insidental,Insidental,Student Support,Z_TERTIMPA_FREKUENSI,Baseline,Insidental,0.64,frekuensi+cluster (n=22),ya
STSAR-ALL-LEAD-012,Staff Sarana Prasarana,Insidental,Insidental,Admin & Documentation,Z_TERTIMPA_FREKUENSI,Peak,Insidental,0.93,frekuensi+cluster (n=40),tidak
STSAR-ALL-LEAD-014,Staff Sarana Prasarana,Insidental,Insidental,Admin & Documentation,Z_TERTIMPA_FREKUENSI,Peak,Insidental,0.93,frekuensi+cluster (n=40),tidak
STSAR-ALL-LEAD-015,Staff Sarana Prasarana,Insidental,Insidental,Leadership & Management,Z_TERTIMPA_FREKUENSI,Peak,Insidental,0.91,frekuensi+cluster (n=46),tidak
STSAR-ALL-LEAD-017,Staff Sarana Prasarana,Insidental,Insidental,Admin & Documentation,Z_TERTIMPA_FREKUENSI,Peak,Insidental,0.93,frekuensi+cluster (n=40),tidak
STSAR-ALL-LEAD-018,Staff Sarana Prasarana,Insidental,Insidental,Admin & Documentation,Z_TERTIMPA_FREKUENSI,Peak,Insidental,0.93,frekuensi+cluster (n=40),tidak
STSAR-ALL-LEAD-019,Staff Sarana Prasarana,Insidental,Insidental,Admin & Documentation,Z_TERTIMPA_FREKUENSI,Peak,Insidental,0.93,frekuensi+cluster (n=40),tidak
STSAR-ALL-LEAD-020,Staff Sarana Prasarana,Insidental,Insidental,Admin & Documentation,Z_TERTIMPA_FREKUENSI,Peak,Insidental,0.93,frekuensi+cluster (n=40),tidak
STSAR-ALL-LEAD-021,Staff Sarana Prasarana,Insidental,Insidental,Admin & Documentation,Z_TERTIMPA_FREKUENSI,Peak,Insidental,0.93,frekuensi+cluster (n=40),tidak
STSAR-ALL-ADMIN-005,Staff Sarana Prasarana,Insidental,Mingguan,Admin & Documentation,Z_TERTIMPA_FREKUENSI,Baseline,Mingguan,0.91,frekuensi+cluster (n=34),tidak
STSAR-ALL-LEAD-026,Staff Sarana Prasarana,Perlu Validasi,Perlu Validasi,Leadership & Management,Z_PERLU_VALIDASI,Baseline,Mingguan,0.90,salin dari induk kanonik STSAR-ALL-LEAD-025 (ditunjuk Reviewer_Notes; Duty_Area & Sub_Duty identik),tidak
STSAR-ALL-LEAD-027,Staff Sarana Prasarana,Perlu Validasi,Perlu Validasi,Leadership & Management,Z_PERLU_VALIDASI,Baseline,Mingguan,0.90,salin dari induk kanonik STSAR-ALL-LEAD-025 (ditunjuk Reviewer_Notes; Duty_Area & Sub_Duty identik),tidak
WK-ALL-ADMIN-007,Wali Kelas,Insidental,Insidental,Student Support,Z_TERTIMPA_FREKUENSI,Baseline,Insidental,0.64,frekuensi+cluster (n=22),ya
WK-ALL-STUSUP-021,Wali Kelas,Insidental,Insidental,Student Support,Z_TERTIMPA_FREKUENSI,Baseline,Insidental,0.64,frekuensi+cluster (n=22),ya
WK-ALL-STRAT-001,Wali Kelas,Insidental,Insidental,Student Support,Z_TERTIMPA_FREKUENSI,Baseline,Insidental,0.64,frekuensi+cluster (n=22),ya
WK-ALL-LEAD-007,Wali Kelas,Insidental,Insidental,Student Support,Z_TERTIMPA_FREKUENSI,Baseline,Insidental,0.64,frekuensi+cluster (n=22),ya
WK-ALL-STUSUP-022,Wali Kelas,Insidental,Insidental,Student Support,Z_TERTIMPA_FREKUENSI,Baseline,Insidental,0.64,frekuensi+cluster (n=22),ya
WK-ALL-STUSUP-033,Wali Kelas,Insidental,Insidental,Student Support,Z_TERTIMPA_FREKUENSI,Baseline,Insidental,0.64,frekuensi+cluster (n=22),ya
GKSD-SD-STUSUP-001,Guru Kelas SD,Semesteran,Baseline,Student Support,TERTUKAR,Baseline,Semesteran,1.00,"pemulihan pasti: Z & AA tertukar, tinggal ditukar balik",tidak
GKSD-SD-STUSUP-002,Guru Kelas SD,Insidental,Insidental,Student Support,Z_TERTIMPA_FREKUENSI,Baseline,Insidental,0.64,frekuensi+cluster (n=22),ya
GKSD-SD-STUSUP-003,Guru Kelas SD,Mingguan,Baseline,Student Support,TERTUKAR,Baseline,Mingguan,1.00,"pemulihan pasti: Z & AA tertukar, tinggal ditukar balik",tidak
GKSD-SD-PD-001,Guru Kelas SD,Harian,Baseline,Professional Development,TERTUKAR,Baseline,Harian,1.00,"pemulihan pasti: Z & AA tertukar, tinggal ditukar balik",tidak
GKSD-SD-INST-001,Guru Kelas SD,Harian,Harian,Instruksional,Z_TERTIMPA_FREKUENSI,Baseline,Harian,1.00,frekuensi+cluster (n=8),tidak
GKSD-SD-ADMIN-001,Guru Kelas SD,Harian,Harian,Admin & Documentation,Z_TERTIMPA_FREKUENSI,Baseline,Harian,0.96,frekuensi+cluster (n=25),tidak
GKSD-SD-INST-002,Guru Kelas SD,Harian,Harian,Instruksional,Z_TERTIMPA_FREKUENSI,Baseline,Harian,1.00,frekuensi+cluster (n=8),tidak
GKSD-SD-INST-003,Guru Kelas SD,Harian,Harian,Instruksional,Z_TERTIMPA_FREKUENSI,Baseline,Harian,1.00,frekuensi+cluster (n=8),tidak
GKSD-SD-ADMIN-002,Guru Kelas SD,Bulanan,Baseline,Admin & Documentation,TERTUKAR,Baseline,Bulanan,1.00,"pemulihan pasti: Z & AA tertukar, tinggal ditukar balik",tidak
GKSD-SD-STUSUP-005,Guru Kelas SD,Harian,Harian,Student Support,Z_TERTIMPA_FREKUENSI,Baseline,Harian,0.71,frekuensi+cluster (n=14),ya
GKSD-SD-STUSUP-006,Guru Kelas SD,Bulanan,Baseline,Student Support,TERTUKAR,Baseline,Bulanan,1.00,"pemulihan pasti: Z & AA tertukar, tinggal ditukar balik",tidak
GKSD-SD-STUSUP-007,Guru Kelas SD,Insidental,Insidental,Student Support,Z_TERTIMPA_FREKUENSI,Baseline,Insidental,0.64,frekuensi+cluster (n=22),ya
GKSD-SD-PD-002,Guru Kelas SD,Bulanan,Baseline,Professional Development,TERTUKAR,Baseline,Bulanan,1.00,"pemulihan pasti: Z & AA tertukar, tinggal ditukar balik",tidak
GKSD-SD-PD-003,Guru Kelas SD,Semesteran,Baseline,Professional Development,TERTUKAR,Baseline,Semesteran,1.00,"pemulihan pasti: Z & AA tertukar, tinggal ditukar balik",tidak
GKSD-SD-STUSUP-008,Guru Kelas SD,Semesteran,Peak,Student Support,TERTUKAR,Peak,Semesteran,1.00,"pemulihan pasti: Z & AA tertukar, tinggal ditukar balik",tidak
GKSD-SD-ADMIN-003,Guru Kelas SD,Semesteran,Peak,Admin & Documentation,TERTUKAR,Peak,Semesteran,1.00,"pemulihan pasti: Z & AA tertukar, tinggal ditukar balik",tidak
GKSD-SD-ADMIN-004,Guru Kelas SD,Semesteran,Peak,Admin & Documentation,TERTUKAR,Peak,Semesteran,1.00,"pemulihan pasti: Z & AA tertukar, tinggal ditukar balik",tidak
GKSD-SD-INST-004,Guru Kelas SD,Bulanan,Peak,Instruksional,TERTUKAR,Peak,Bulanan,1.00,"pemulihan pasti: Z & AA tertukar, tinggal ditukar balik",tidak
GKSD-SD-STUSUP-009,Guru Kelas SD,Bulanan,Baseline,Student Support,TERTUKAR,Baseline,Bulanan,1.00,"pemulihan pasti: Z & AA tertukar, tinggal ditukar balik",tidak
GKSD-SD-INST-005,Guru Kelas SD,Bulanan,Peak,Instruksional,TERTUKAR,Peak,Bulanan,1.00,"pemulihan pasti: Z & AA tertukar, tinggal ditukar balik",tidak
GKSD-SD-INST-006,Guru Kelas SD,Bulanan,Peak,Instruksional,TERTUKAR,Peak,Bulanan,1.00,"pemulihan pasti: Z & AA tertukar, tinggal ditukar balik",tidak
GBK-ALL-STUSUP-006,Guru BK,Insidental,Insidental,Student Support,Z_TERTIMPA_FREKUENSI,Baseline,Insidental,0.64,frekuensi+cluster (n=22),ya
GBK-ALL-STUSUP-007,Guru BK,Insidental,Insidental,Student Support,Z_TERTIMPA_FREKUENSI,Baseline,Insidental,0.64,frekuensi+cluster (n=22),ya
GBK-ALL-STUSUP-008,Guru BK,Insidental,Insidental,Student Support,Z_TERTIMPA_FREKUENSI,Baseline,Insidental,0.64,frekuensi+cluster (n=22),ya
GBK-ALL-STUSUP-009,Guru BK,Insidental,Insidental,Student Support,Z_TERTIMPA_FREKUENSI,Baseline,Insidental,0.64,frekuensi+cluster (n=22),ya
GBK-ALL-STUSUP-010,Guru BK,Insidental,Insidental,Student Support,Z_TERTIMPA_FREKUENSI,Baseline,Insidental,0.64,frekuensi+cluster (n=22),ya
GPD1-ALL-STUSUP-005,Guru Pendamping,Insidental,Insidental,Student Support,Z_TERTIMPA_FREKUENSI,Baseline,Insidental,0.64,frekuensi+cluster (n=22),ya
PEK-ALL-STUSUP-001,Pelatih Ekstra Kurikuler,Insidental,Insidental,Student Support,Z_TERTIMPA_FREKUENSI,Baseline,Insidental,0.64,frekuensi+cluster (n=22),ya
PEK-ALL-LEAD-001,Pelatih Ekstra Kurikuler,Insidental,Insidental,Leadership & Management,Z_TERTIMPA_FREKUENSI,Peak,Insidental,0.91,frekuensi+cluster (n=46),tidak
PEK-ALL-STUSUP-002,Pelatih Ekstra Kurikuler,Insidental,Insidental,Student Support,Z_TERTIMPA_FREKUENSI,Baseline,Insidental,0.64,frekuensi+cluster (n=22),ya
PEK-ALL-LEAD-002,Pelatih Ekstra Kurikuler,Insidental,Insidental,Admin & Documentation,Z_TERTIMPA_FREKUENSI,Peak,Insidental,0.93,frekuensi+cluster (n=40),tidak
PEK-ALL-LEAD-003,Pelatih Ekstra Kurikuler,Insidental,Insidental,Leadership & Management,Z_TERTIMPA_FREKUENSI,Peak,Insidental,0.91,frekuensi+cluster (n=46),tidak
PEK-ALL-ADMIN-001,Pelatih Ekstra Kurikuler,Insidental,Insidental,Admin & Documentation,Z_TERTIMPA_FREKUENSI,Peak,Insidental,0.93,frekuensi+cluster (n=40),tidak
PEK-ALL-ADMIN-002,Pelatih Ekstra Kurikuler,Insidental,Insidental,Admin & Documentation,Z_TERTIMPA_FREKUENSI,Peak,Insidental,0.93,frekuensi+cluster (n=40),tidak
PEK-ALL-STUSUP-004,Pelatih Ekstra Kurikuler,Insidental,Insidental,Student Support,Z_TERTIMPA_FREKUENSI,Baseline,Insidental,0.64,frekuensi+cluster (n=22),ya
PEK-ALL-ADMIN-003,Pelatih Ekstra Kurikuler,Insidental,Insidental,Admin & Documentation,Z_TERTIMPA_FREKUENSI,Peak,Insidental,0.93,frekuensi+cluster (n=40),tidak
PEK-ALL-LEAD-005,Pelatih Ekstra Kurikuler,Insidental,Insidental,Admin & Documentation,Z_TERTIMPA_FREKUENSI,Peak,Insidental,0.93,frekuensi+cluster (n=40),tidak
PEK-ALL-LEAD-006,Pelatih Ekstra Kurikuler,Insidental,Insidental,Student Support,Z_TERTIMPA_FREKUENSI,Baseline,Insidental,0.64,frekuensi+cluster (n=22),ya
PEK-ALL-LEAD-007,Pelatih Ekstra Kurikuler,Insidental,Insidental,Admin & Documentation,Z_TERTIMPA_FREKUENSI,Peak,Insidental,0.93,frekuensi+cluster (n=40),tidak
PEK-ALL-STUSUP-011,Pelatih Ekstra Kurikuler,Insidental,Insidental,Student Support,Z_TERTIMPA_FREKUENSI,Baseline,Insidental,0.64,frekuensi+cluster (n=22),ya
PEK-ALL-STUSUP-012,Pelatih Ekstra Kurikuler,Insidental,Insidental,Admin & Documentation,Z_TERTIMPA_FREKUENSI,Peak,Insidental,0.93,frekuensi+cluster (n=40),tidak
PEK-ALL-LEAD-008,Pelatih Ekstra Kurikuler,Insidental,Insidental,Admin & Documentation,Z_TERTIMPA_FREKUENSI,Peak,Insidental,0.93,frekuensi+cluster (n=40),tidak
PEK-ALL-LEAD-009,Pelatih Ekstra Kurikuler,Insidental,Insidental,Student Support,Z_TERTIMPA_FREKUENSI,Baseline,Insidental,0.64,frekuensi+cluster (n=22),ya
PEK-ALL-LEAD-010,Pelatih Ekstra Kurikuler,Insidental,Insidental,Leadership & Management,Z_TERTIMPA_FREKUENSI,Peak,Insidental,0.91,frekuensi+cluster (n=46),tidak
PEK-ALL-STUSUP-018,Pelatih Ekstra Kurikuler,Insidental,Insidental,Student Support,Z_TERTIMPA_FREKUENSI,Baseline,Insidental,0.64,frekuensi+cluster (n=22),ya
PEK-ALL-ADMIN-006,Pelatih Ekstra Kurikuler,Insidental,Insidental,Admin & Documentation,Z_TERTIMPA_FREKUENSI,Peak,Insidental,0.93,frekuensi+cluster (n=40),tidak
PEK-ALL-LEAD-011,Pelatih Ekstra Kurikuler,Insidental,Insidental,Admin & Documentation,Z_TERTIMPA_FREKUENSI,Peak,Insidental,0.93,frekuensi+cluster (n=40),tidak
POSIS-ALL-STUSUP-005,Pembina OSIS,Insidental,Mingguan,Student Support,Z_TERTIMPA_FREKUENSI,Baseline,Mingguan,0.95,frekuensi+cluster (n=20),tidak
POSIS-ALL-STUSUP-006,Pembina OSIS,Insidental,Insidental,Student Support,Z_TERTIMPA_FREKUENSI,Baseline,Insidental,0.64,frekuensi+cluster (n=22),ya
KPRAM-ALL-STUSUP-004,Koordinator Pramuka,Insidental,Insidental,Student Support,Z_TERTIMPA_FREKUENSI,Baseline,Insidental,0.64,frekuensi+cluster (n=22),ya
KPRAM-ALL-LEAD-003,Koordinator Pramuka,Insidental,Insidental,Leadership & Management,Z_TERTIMPA_FREKUENSI,Peak,Insidental,0.91,frekuensi+cluster (n=46),tidak
KPRAM-ALL-PD-001,Koordinator Pramuka,Insidental,Insidental,Professional Development,Z_TERTIMPA_FREKUENSI,Peak,Insidental,0.82,frekuensi (n=120),tidak
PIC2-ALL-LEAD-001,PIC Kegiatan,Insidental,Insidental,Student Support,Z_TERTIMPA_FREKUENSI,Baseline,Insidental,0.64,frekuensi+cluster (n=22),ya
PIC2-ALL-ADMIN-001,PIC Kegiatan,Insidental,Insidental,Admin & Documentation,Z_TERTIMPA_FREKUENSI,Peak,Insidental,0.93,frekuensi+cluster (n=40),tidak
PIC2-ALL-ADMIN-003,PIC Kegiatan,Insidental,Insidental,Admin & Documentation,Z_TERTIMPA_FREKUENSI,Peak,Insidental,0.93,frekuensi+cluster (n=40),tidak
PIC2-ALL-ADMIN-005,PIC Kegiatan,Insidental,Insidental,Admin & Documentation,Z_TERTIMPA_FREKUENSI,Peak,Insidental,0.93,frekuensi+cluster (n=40),tidak
OPDAP-ALL-ADMIN-002,Operator Dapodik,Insidental,Insidental,Admin & Documentation,Z_TERTIMPA_FREKUENSI,Peak,Insidental,0.93,frekuensi+cluster (n=40),tidak
OPDAP-ALL-PD-002,Operator Dapodik,Insidental,Semesteran,Professional Development,Z_TERTIMPA_FREKUENSI,Baseline,Semesteran,1.00,frekuensi+cluster (n=9),tidak
OPDAP-ALL-ADMIN-005,Operator Dapodik,Insidental,Insidental,Admin & Documentation,Z_TERTIMPA_FREKUENSI,Peak,Insidental,0.93,frekuensi+cluster (n=40),tidak
OPDAP-ALL-ADMIN-017,Operator Dapodik,Insidental,Insidental,Admin & Documentation,Z_TERTIMPA_FREKUENSI,Peak,Insidental,0.93,frekuensi+cluster (n=40),tidak
